{
  "IcoMoonType": "selection",
  "icons": [
    {
      "icon": {
        "paths": [
          "M928 128h-832c-53.024 0-96 42.976-96 96v576c0 52.992 42.976 96 96 96h832c53.024 0 96-43.008 96-96v-576c0-53.024-42.976-96-96-96zM87.712 831.68l-23.392-23.424 263.968-263.936 23.392 23.424-263.968 263.936zM936.288 831.68l-263.968-263.936 23.392-23.424 263.968 263.936-23.392 23.424zM544 618.4v21.6h-64v-21.6l-415.904-385.6 40.704-40.704 407.2 377.536 407.2-377.536 40.704 40.704-415.904 385.6z"
        ],
        "attrs": [
          {}
        ],
        "isMulticolor": false,
        "isMulticolor2": false,
        "tags": [
          "envelope",
          "mail",
          "email",
          "contact"
        ],
        "grid": 16
      },
      "attrs": [
        {}
      ],
      "properties": {
        "order": 1,
        "id": 0,
        "prevSize": 32,
        "code": 59650,
        "name": "envelope2"
      },
      "setIdx": 0,
      "setId": 4,
      "iconIdx": 0
    },
    {
      "icon": {
        "paths": [
          "M704 640c-64 64-64 128-128 128s-128-64-192-128-128-128-128-192 64-64 128-128-128-256-192-256-192 192-192 192c0 128 131.5 387.5 256 512s384 256 512 256c0 0 192-128 192-192s-192-256-256-192z"
        ],
        "tags": [
          "phone",
          "telephone",
          "contact",
          "support",
          "call"
        ],
        "defaultCode": 59714,
        "grid": 16,
        "attrs": []
      },
      "attrs": [],
      "properties": {
        "ligatures": "phone, telephone",
        "name": "phone",
        "order": 5,
        "id": 67,
        "prevSize": 32,
        "code": 59714
      },
      "setIdx": 3,
      "setId": 1,
      "iconIdx": 66
    },
    {
      "icon": {
        "paths": [
          "M64 192h896v192h-896zM64 448h896v192h-896zM64 704h896v192h-896z"
        ],
        "tags": [
          "menu",
          "list",
          "options",
          "lines",
          "hamburger"
        ],
        "defaultCode": 59837,
        "grid": 16,
        "attrs": []
      },
      "attrs": [],
      "properties": {
        "ligatures": "menu, list3",
        "name": "menu",
        "order": 2,
        "id": 190,
        "prevSize": 32,
        "code": 59837
      },
      "setIdx": 3,
      "setId": 1,
      "iconIdx": 189
    },
    {
      "icon": {
        "paths": [
          "M512 0c-282.77 0-512 229.23-512 512s229.23 512 512 512 512-229.23 512-512-229.23-512-512-512zM512 928c-229.75 0-416-186.25-416-416s186.25-416 416-416 416 186.25 416 416-186.25 416-416 416z",
          "M672 256l-160 160-160-160-96 96 160 160-160 160 96 96 160-160 160 160 96-96-160-160 160-160z"
        ],
        "tags": [
          "cancel-circle",
          "close",
          "remove",
          "delete"
        ],
        "defaultCode": 59917,
        "grid": 16,
        "attrs": []
      },
      "attrs": [],
      "properties": {
        "ligatures": "cancel-circle, close",
        "name": "close",
        "order": 6,
        "id": 270,
        "prevSize": 32,
        "code": 59917
      },
      "setIdx": 3,
      "setId": 1,
      "iconIdx": 269
    },
    {
      "icon": {
        "paths": [
          "M641.92 13.216c-18.56-17.056-49.248-17.056-67.808 0l-566.016 341.472c-4.8 2.912-7.744 8.096-7.744 13.696v605.504c0 27.616 22.592 50.112 50.368 50.112h1114.56c27.776 0 50.368-22.496 50.368-50.112v-605.504c0-5.6-2.944-10.784-7.744-13.696l-565.984-341.472zM592.128 39.68c1.12-0.672 2.112-1.472 3.040-2.368 3.456-3.424 8-5.312 12.832-5.312s9.376 1.888 12.8 5.312c0.928 0.896 1.952 1.696 3.040 2.368l551.264 332.608-399.296 237.952c-7.584 4.544-10.080 14.336-5.568 21.952 3.008 5.024 8.32 7.808 13.76 7.808 2.784 0 5.6-0.704 8.16-2.24l391.84-233.28v568.224l-541.92-360.512c-17.216-13.728-51.008-13.728-67.072-0.8l-543.008 361.152v-568.064l391.808 233.28c2.56 1.536 5.408 2.24 8.192 2.24 5.44 0 10.752-2.784 13.76-7.808 4.512-7.584 2.016-17.408-5.568-21.952l-399.328-237.952 551.264-332.608zM1154.88 992h-1094.016l532.992-354.752c5.536-4.416 22.784-4.384 29.408 0.8l531.616 353.952zM208 416h800c8.832 0 16-7.168 16-16s-7.168-16-16-16h-800c-8.832 0-16 7.168-16 16s7.168 16 16 16z"
        ],
        "attrs": [
          {}
        ],
        "width": 1216,
        "isMulticolor": false,
        "isMulticolor2": false,
        "tags": [
          "envelope",
          "mail",
          "email",
          "letter",
          "message"
        ],
        "grid": 32
      },
      "attrs": [
        {}
      ],
      "properties": {
        "order": 1,
        "id": 0,
        "prevSize": 32,
        "code": 59648,
        "name": "envelope"
      },
      "setIdx": 1,
      "setId": 3,
      "iconIdx": 0
    },
    {
      "icon": {
        "paths": [
          "M896 469.333h-768c-25.6 0-42.667 17.067-42.667 42.667s17.067 42.667 42.667 42.667h768c25.6 0 42.667-17.067 42.667-42.667s-17.067-42.667-42.667-42.667z",
          "M128 298.667h768c25.6 0 42.667-17.067 42.667-42.667s-17.067-42.667-42.667-42.667h-768c-25.6 0-42.667 17.067-42.667 42.667s17.067 42.667 42.667 42.667z",
          "M896 725.333h-768c-25.6 0-42.667 17.067-42.667 42.667s17.067 42.667 42.667 42.667h768c25.6 0 42.667-17.067 42.667-42.667s-17.067-42.667-42.667-42.667z"
        ],
        "attrs": [
          {},
          {},
          {}
        ],
        "isMulticolor": false,
        "isMulticolor2": false,
        "tags": [
          "menu"
        ],
        "grid": 24
      },
      "attrs": [
        {},
        {},
        {}
      ],
      "properties": {
        "order": 1,
        "id": 0,
        "prevSize": 24,
        "code": 59649,
        "name": "menu2"
      },
      "setIdx": 2,
      "setId": 2,
      "iconIdx": 0
    }
  ],
  "height": 1024,
  "metadata": {
    "name": "icomoon"
  },
  "preferences": {
    "showGlyphs": true,
    "showQuickUse": true,
    "showQuickUse2": true,
    "showSVGs": true,
    "fontPref": {
      "prefix": "icon-",
      "metadata": {
        "fontFamily": "icomoon"
      },
      "metrics": {
        "emSize": 1024,
        "baseline": 6.25,
        "whitespace": 50
      },
      "embed": false
    },
    "imagePref": {
      "prefix": "icon-",
      "png": true,
      "useClassSelector": true,
      "color": 0,
      "bgColor": 16777215,
      "classSelector": ".icon"
    },
    "historySize": 50,
    "showCodes": true,
    "gridSize": 16
  }
}